{
  "description": "Description",
  "label": "Check Status",
  "category": "Language Weaver",
  "icon": {
    "name": "ActionsIcon",
    "color": "Orange"
  },
  "options": [
    {
      "info": "Sometimes you may need to pass some additional information in your request, this is possible by adding variables in your header.",
      "label": "Headers",
      "meta": {
        "type": "Map"
      },
      "name": "headerInput"
    },
    {
      "info": "The request Id that you get given from your translate text or translate file result.",
      "label": "Request Id",
      "meta": {
        "type": "Text"
      },
      "name": "requestId"
    },
    {
      "info": "The name of the variable you want for the result of you request",
      "label": "As",
      "meta": {
        "type": "Output",
        "output": {
          "type": "JSON"
        }
      },
      "name": "as"
    }
  ],
  "yields": "NONE"
}
