{
  "description": "Description",
  "label": "Retrieve Text Translation",
  "category": "Language weaver",
  "icon": {
    "name": "UploadIcon",
    "color": "Blue"
  },
  "options": [
    {
      "info": "Sometimes you may need to pass some additional information in your request, this is possible by adding variables in your header.",
      "label": "Headers",
      "meta": {
        "type": "Map"
      },
      "name": "headerInput"
    },
    {
      "info": "Select the request id that has been given to you from the 'Translate text'or 'Translate document' action step.",
      "label": "Request id",
      "meta": {
        "type": "Text"
      },
      "name": "requestId"
    },
    {
      "label": "Model",
      "info": "Please select the model you want your translated file to be in.",
      "meta": {
        "type": "Model",
        "validations": {
          "required": true
        }
      },
      "name": "selectedModel"
    },
    {
      "label": "Property name",
      "info": "Select what property is used to store the file in",
      "meta": {
        "allowedKinds": ["FILE", "IMAGE"],
        "type": "Property",
        "model": "selectedModel",
        "validations": { "required": true }
      },
      "configuration": {
        "dependsOn": [
          {
            "option": "selectedModel",
            "action": "CLEAR"
          }
        ]
      },
      "name": "selectedProperty"
    },
    {
      "info": "The name of the variable you want for the result of you request",
      "label": "As",
      "meta": {
        "type": "Output",
        "output": {
          "type": "Text"
        }
      },
      "name": "as"
    }
  ],
  "yields": "NONE"
}
