{
  "description": "Uploads a file to Language weaver through a HTTPS request to translate it",
  "label": "Translate Document",
  "category": "Language Weaver",
  "icon": {
    "name": "GlobeIcon",
    "color": "Purple"
  },
  "options": [
    {
      "info": "Enter what protocol the receiving end needs to use. You can choose between HTTP and HTTPS, which one you should use depends on your host.",
      "label": "Protocol",
      "meta": {
        "type": "Select",
        "values": [
          {
            "label": "HTTP",
            "value": "http"
          },
          {
            "label": "HTTPS",
            "value": "https"
          }
        ]
      },
      "name": "protocol"
    },
    {
      "info": "Enter the URL of the API that you want to use.",
      "label": "Url",
      "meta": {
        "type": "Text"
      },
      "name": "url"
    },
    {
      "info": "HTTP defines a set of request methods to indicate the desired action to be performed for the given resource.",
      "label": "Method",
      "meta": {
        "type": "Select",
        "values": [
          {
            "label": "GET",
            "value": "get"
          },
          {
            "label": "POST",
            "value": "post"
          },
          {
            "label": "DELETE",
            "value": "delete"
          },
          {
            "label": "PUT",
            "value": "put"
          }
        ]
      },
      "name": "method"
    },
    {
      "info": "Sometimes you may need to pass some additional information in your request, this is possible by adding variables in your header.",
      "label": "Headers",
      "meta": {
        "type": "Map"
      },
      "name": "headers"
    },
    {
      "info": "Select the Object that you made with the JSON Object Builder. This is being sent as the Body to the API.",
      "label": "JSON Object builder",
      "meta": {
        "type": "Text"
      },
      "name": "body"
    },

    {
      "meta": {
        "type": "Output",
        "output": {
          "type": "Text"
        }
      },
      "name": "as",
      "label": "As",
      "info": "The name of the variable you want for the result of you request"
    }
  ],
  "yields": "NONE"
}
