{
  "description": "Translates text with Language weaver through a HTTP(S) request",
  "label": "Translate Text",
  "category": "Language Weaver",
  "icon": {
    "name": "GlobeIcon",
    "color": "Purple"
  },
  "options": [
    {
      "info": "Enter what protocol the receiving end needs to use. You can choose between HTTP and HTTPS, which one you should use depends on your host.",
      "label": "Protocol",
      "meta": {
        "type": "Select",
        "values": [
          {
            "label": "HTTP",
            "value": "http"
          },
          {
            "label": "HTTPS",
            "value": "https"
          }
        ]
      },
      "name": "protocol"
    },
    {
      "info": "Enter the URL of the API that you want to use.",
      "label": "Url",
      "meta": {
        "type": "Text"
      },
      "name": "url"
    },
    {
      "info": "HTTP defines a set of request methods to indicate the desired action to be performed for the given resource.",
      "label": "Method",
      "meta": {
        "type": "Select",
        "values": [
          {
            "label": "GET",
            "value": "get"
          },
          {
            "label": "POST",
            "value": "post"
          },
          {
            "label": "DELETE",
            "value": "delete"
          },
          {
            "label": "PUT",
            "value": "put"
          }
        ]
      },
      "name": "method"
    },
    {
      "info": "Sometimes you may need to pass some additional information in your request, this is possible by adding variables in your header.",
      "label": "Headers",
      "meta": {
        "type": "Map"
      },
      "name": "headerInput"
    },
    {
      "info": "The text you want to send to Language Weaver.",
      "label": "Text to translate",
      "meta": {
        "type": "Value",
        "allowedKinds": ["STRING"],
        "validations": {
          "required": true
        }
      },
      "name": "textFile"
    },
    {
      "info": "The Source language the file is currently in. This is three letters in total. E.g. ENG",
      "label": "Source language",
      "meta": {
        "type": "Text"
      },
      "name": "sourceLang"
    },
    {
      "info": "The Target Language the file is going to be translated to. This is three letters in total. E.g. GER",
      "label": "Target language",
      "meta": {
        "type": "Text"
      },
      "name": "targetLang"
    },
    {
      "info": "The format of the file. This can be: HTML, PLAIN, XLINE, TMX, XLIFF, BCM, XML, SDLXML. More info about formats can be found at https://developers.languageweaver.com/api/lw/common/input-formats.html#input-formats",
      "label": "Input format",
      "meta": {
        "type": "Text"
      },
      "name": "inputFormat"
    },
    {
      "info": "The name of the variable you want for the result of you request",
      "label": "As",
      "meta": {
        "type": "Output",
        "output": {
          "type": "JSON"
        }
      },
      "name": "as"
    }
  ],
  "yields": "NONE"
}
